n_c,mu,tau,instance_count,rmse_mean,rmse_sample_std,rmse_standard_error,rmse_confidence_interval_95_low,rmse_confidence_interval_95_high,relative_solution_error_mean,normalized_residual_mean,no_aliasing_fraction,mean_grid_distance,max_grid_distance,confidence_interval_method,evaluation_method
5,32,0.1,20,1.7058297883800393,3.9604938073747693,0.8855933377756942,-0.14773837000823087,3.5593979467683097,0.9999957516171213,0.9999151350679953,1.0,0.044493156377868354,0.0990099009900991,"Student t, two-sided 95% for the mean",spectral_filter_equivalent
5,32,1.0,20,1.6982990958475743,3.962556430682279,0.8860545543684508,-0.15623439996362776,3.5528325916587766,0.9865915913915737,0.7802662088914294,1.0,0.2506930521581907,0.4963724520753078,"Student t, two-sided 95% for the mean",spectral_filter_equivalent
5,32,10.0,20,1.4603249859282141,4.024447416897914,0.899893799605717,-0.4231743830594419,3.34382435491587,0.624556899105821,0.2081564883266807,1.0,0.23001144181988073,0.4972780728306132,"Student t, two-sided 95% for the mean",spectral_filter_equivalent
5,32,50.0,20,2.0596983066348282,3.9036108243642538,0.8728739160982464,0.23275220377561867,3.8866444094940378,1.6600512856429106,6.651347767787182,0.0,0.2617115367964958,0.49933518870138727,"Student t, two-sided 95% for the mean",spectral_filter_equivalent
5,32,100.0,20,3.7367710530581144,3.740811328415091,0.8364708421337433,1.9860174596610145,5.487524646455214,4.180372369291383,17.736454169561046,0.0,0.2425779252332895,0.4964783904521539,"Student t, two-sided 95% for the mean",spectral_filter_equivalent
5,32,200.0,20,6.7736132448091935,3.5034406197835635,0.7833931380970042,5.133952562713754,8.413273926904633,8.458129049224109,31.5305101881944,0.0,0.2470507869008356,0.49390912963048095,"Student t, two-sided 95% for the mean",spectral_filter_equivalent
5,32,500.0,20,12.554071943236249,5.795886786969902,1.2959996845557542,9.841513428955475,15.266630457517023,18.282969024524967,49.3596614819066,0.0,0.241082943504979,0.49906720776611735,"Student t, two-sided 95% for the mean",spectral_filter_equivalent
5,32,1000.0,20,26.586941943846774,10.306771990999723,2.304664280046623,21.763224168373586,31.410659719319963,37.484632308340636,153.40727891000253,0.0,0.24033032074460312,0.4988774413390331,"Student t, two-sided 95% for the mean",spectral_filter_equivalent
5,32,10000.0,20,284.095158895055,165.50433486507032,37.00789433291857,206.63674585325555,361.5535719368545,392.77992824041576,1202.0414400466343,0.0,0.23060171800183332,0.49090865323978505,"Student t, two-sided 95% for the mean",spectral_filter_equivalent
6,64,0.1,20,1.705829787710174,3.960493807564554,0.8855933378181313,-0.1477383707669182,3.559397946187266,0.9999957498906602,0.999915105974158,1.0,0.044493156377868354,0.0990099009900991,"Student t, two-sided 95% for the mean",spectral_filter_equivalent
6,64,1.0,20,1.6982985532165362,3.9625565803251095,0.886054587829605,-0.15623501262966655,3.5528321190627388,0.9865905185836151,0.7802563482309386,1.0,0.2506930521581907,0.4963724520753078,"Student t, two-sided 95% for the mean",spectral_filter_equivalent
6,64,10.0,20,1.460317262265904,4.024449994370775,0.8998943759461698,-0.4231833130161833,3.3438178375479914,0.6245416565479945,0.20809963431341347,1.0,0.23001144181988073,0.4972780728306132,"Student t, two-sided 95% for the mean",spectral_filter_equivalent
6,64,50.0,20,1.2067789374035995,4.06008255350087,0.9078620583888872,-0.693398188888982,3.106956063696181,0.4282848721177202,1.7901303528566437,0.0,0.2617115367964958,0.49933518870138727,"Student t, two-sided 95% for the mean",spectral_filter_equivalent
6,64,100.0,20,2.6720149066303915,3.9376367556183967,0.8804823456264461,0.8291441777523896,4.514885635508394,2.717408855562847,10.28138824783213,0.0,0.2425779252332895,0.4964783904521539,"Student t, two-sided 95% for the mean",spectral_filter_equivalent
6,64,200.0,20,3.935222266499953,3.4029766507019406,0.7609287116814096,2.342580169260838,5.527864363739068,4.438438395074457,20.027398693175222,0.0,0.2470507869008356,0.49390912963048095,"Student t, two-sided 95% for the mean",spectral_filter_equivalent
6,64,500.0,20,7.960315542794926,5.011527137488552,1.1206115350509336,5.614848644285902,10.30578244130395,12.466299723717784,32.414172268359735,0.0,0.241082943504979,0.49906720776611735,"Student t, two-sided 95% for the mean",spectral_filter_equivalent
6,64,1000.0,20,15.210554467302682,10.703152531922274,2.3932976634927194,10.201324888253218,20.219784046352146,21.477610677268014,53.24774300763456,0.0,0.24033032074460312,0.4988774413390331,"Student t, two-sided 95% for the mean",spectral_filter_equivalent
6,64,10000.0,20,212.71376784270555,163.48233016916743,36.555760337832304,136.20168212843734,289.2258535569738,282.3754777783002,833.7997701464122,0.0,0.23060171800183332,0.49090865323978505,"Student t, two-sided 95% for the mean",spectral_filter_equivalent
7,128,0.1,20,1.7058297876261475,3.96049380758836,0.8855933378234544,-0.14773837086208608,3.559397946114381,0.9999957496743264,0.9999151023269637,1.0,0.044493156377868354,0.0990099009900991,"Student t, two-sided 95% for the mean",spectral_filter_equivalent
7,128,1.0,20,1.6982984851431122,3.9625565990940843,0.8860545920264754,-0.1562350894872413,3.5528320597734657,0.9865903840670983,0.7802551119054227,1.0,0.2506930521581907,0.4963724520753078,"Student t, two-sided 95% for the mean",spectral_filter_equivalent
7,128,10.0,20,1.4603163298120496,4.02445030567375,0.8998944455556313,-0.4231843911643147,3.343817050788414,0.6245398265069475,0.2080960141033838,1.0,0.23001144181988073,0.4972780728306132,"Student t, two-sided 95% for the mean",spectral_filter_equivalent
7,128,50.0,20,1.0378178676185432,4.102493299340578,0.9173453894562925,-0.882208098714035,2.9578438339511215,0.15129056455832318,0.042192835951941864,1.0,0.2617115367964958,0.49933518870138727,"Student t, two-sided 95% for the mean",spectral_filter_equivalent
7,128,100.0,20,1.1497757751663782,4.037195030637803,0.9027442526930474,-0.7396896606990226,3.0392412110317792,0.3935146077418748,1.795101507662898,0.0,0.2425779252332895,0.4964783904521539,"Student t, two-sided 95% for the mean",spectral_filter_equivalent
7,128,200.0,20,2.6005409148110017,3.5583065103804765,0.7956615241990806,0.9352022054951472,4.265879624126856,2.7605751985352467,10.417717168742916,0.0,0.2470507869008356,0.49390912963048095,"Student t, two-sided 95% for the mean",spectral_filter_equivalent
7,128,500.0,20,5.11486205774398,3.1410526418774696,0.7023607228143325,3.6448041700219753,6.584919945465984,7.991641095462086,24.333765227668838,0.0,0.241082943504979,0.49906720776611735,"Student t, two-sided 95% for the mean",spectral_filter_equivalent
7,128,1000.0,20,8.484231831194254,6.623504461232898,1.481060622458988,5.38433632235065,11.584127340037858,13.343191067359772,35.38332092772318,0.0,0.24033032074460312,0.4988774413390331,"Student t, two-sided 95% for the mean",spectral_filter_equivalent
7,128,10000.0,20,140.5541110740829,142.85626737109627,31.94363248536564,73.69531989703394,207.41290225113187,201.46039816764247,541.2409836063183,0.0,0.23060171800183332,0.49090865323978505,"Student t, two-sided 95% for the mean",spectral_filter_equivalent
8,256,0.1,20,1.7058297876156228,3.9604938075913405,0.885593337824121,-0.14773837087400588,3.5593979461052516,0.9999957496472464,0.9999151018702992,1.0,0.044493156377868354,0.0990099009900991,"Student t, two-sided 95% for the mean",spectral_filter_equivalent
8,256,1.0,20,1.6982984766129434,3.962556601445738,0.8860545925523211,-0.1562350991180177,3.5528320523439048,0.986590367215797,0.7802549570203418,1.0,0.2506930521581907,0.4963724520753078,"Student t, two-sided 95% for the mean",spectral_filter_equivalent
8,256,10.0,20,1.4603162132483565,4.024450344547472,0.8998944542480598,-0.42318452592146993,3.343816952418183,0.624539598116365,0.2080955927365565,1.0,0.23001144181988073,0.4972780728306132,"Student t, two-sided 95% for the mean",spectral_filter_equivalent
8,256,50.0,20,1.037812737565114,4.102494596276001,0.9173456794598693,-0.8822138357519265,2.9578393108821546,0.1512788877912113,0.04183765249744238,1.0,0.2617115367964958,0.49933518870138727,"Student t, two-sided 95% for the mean",spectral_filter_equivalent
8,256,100.0,20,0.9621643817169792,4.08198757361013,0.9127601697901676,-0.9482646095596536,2.872593372993612,0.09929838621995841,0.028667141538793194,1.0,0.2425779252332895,0.4964783904521539,"Student t, two-sided 95% for the mean",spectral_filter_equivalent
8,256,200.0,20,1.0379180969051032,3.636709741099417,0.8131930195533957,-0.6641144538970802,2.7399506477072864,0.3677673006513004,1.8001995046746717,0.0,0.2470507869008356,0.49390912963048095,"Student t, two-sided 95% for the mean",spectral_filter_equivalent
8,256,500.0,20,3.064978317328561,3.005964715970545,0.6721541442875987,1.6581435250643841,4.4718131095927385,4.990304541920396,17.75331641626672,0.0,0.241082943504979,0.49906720776611735,"Student t, two-sided 95% for the mean",spectral_filter_equivalent
8,256,1000.0,20,5.036299100875753,2.9178860261436386,0.6524591505053904,3.6706864043491594,6.401911797402346,7.775847200494843,23.82114028715768,0.0,0.24033032074460312,0.4988774413390331,"Student t, two-sided 95% for the mean",spectral_filter_equivalent
8,256,10000.0,20,72.16006546762944,100.20658390779535,22.40687334108669,25.261940580654723,119.05819035460415,122.6518017557039,249.7982993497118,0.0,0.23060171800183332,0.49090865323978505,"Student t, two-sided 95% for the mean",spectral_filter_equivalent
9,512,0.1,20,1.7058297876143058,3.960493807591715,0.8855933378242047,-0.14773837087549802,3.5593979461041094,0.9999957496438586,0.9999151018131649,1.0,0.044493156377868354,0.0990099009900991,"Student t, two-sided 95% for the mean",spectral_filter_equivalent
9,512,1.0,20,1.6982984755451835,3.962556601740088,0.8860545926181398,-0.15623510032353782,3.5528320514139047,0.9865903651067542,0.7802549376347561,1.0,0.2506930521581907,0.4963724520753078,"Student t, two-sided 95% for the mean",spectral_filter_equivalent
9,512,10.0,20,1.4603161986521345,4.024450349412134,0.8998944553358311,-0.4231845427944234,3.3438169400986926,0.6245395695359522,0.20809554050550488,1.0,0.23001144181988073,0.4972780728306132,"Student t, two-sided 95% for the mean",spectral_filter_equivalent
9,512,50.0,20,1.0378126392135127,4.102494615540067,0.9173456837674454,-0.882213943119388,2.9578392215464135,0.15127860668446497,0.041837821038469454,1.0,0.2617115367964958,0.49933518870138727,"Student t, two-sided 95% for the mean",spectral_filter_equivalent
9,512,100.0,20,0.9621630199429202,4.081987859099052,0.9127602336274314,-0.9482661049466413,2.8725921448324816,0.09929559095694732,0.02861361401029116,1.0,0.2425779252332895,0.4964783904521539,"Student t, two-sided 95% for the mean",spectral_filter_equivalent
9,512,200.0,20,0.8393859625427453,3.6829644897309124,0.8235358957756146,-0.88429447698431,2.5630664020698006,0.05968059180885166,0.021846073698552942,1.0,0.2470507869008356,0.49390912963048095,"Student t, two-sided 95% for the mean",spectral_filter_equivalent
9,512,500.0,20,0.951414091711535,0.4005460174432656,0.08956481231199584,0.7639527851139623,1.1388753983091078,1.3747457281771844,8.517676737945061,0.0,0.241082943504979,0.49906720776611735,"Student t, two-sided 95% for the mean",spectral_filter_equivalent
9,512,1000.0,20,3.009942091690123,2.8425144066672985,0.635605544033056,1.6796043989136575,4.340279784466588,4.839759788983161,17.455023703756513,0.0,0.24033032074460312,0.4988774413390331,"Student t, two-sided 95% for the mean",spectral_filter_equivalent
9,512,10000.0,20,51.29059081007207,103.59883850593926,23.165404528930292,2.8048419009217938,99.77633971922234,90.90088650599546,138.35234206644054,0.0,0.23060171800183332,0.49090865323978505,"Student t, two-sided 95% for the mean",spectral_filter_equivalent
10,1024,0.1,20,1.7058297876141413,3.96049380759176,0.8855933378242148,-0.14773837087568387,3.5593979461039664,0.999995749643435,0.9999151018060198,1.0,0.044493156377868354,0.0990099009900991,"Student t, two-sided 95% for the mean",spectral_filter_equivalent
10,1024,1.0,20,1.6982984754116148,3.962556601776908,0.886054592626373,-0.15623510047433875,3.5528320512975684,0.9865903648429493,0.7802549352098942,1.0,0.2506930521581907,0.4963724520753078,"Student t, two-sided 95% for the mean",spectral_filter_equivalent
10,1024,10.0,20,1.4603161968254594,4.0244503500207225,0.8998944554719157,-0.42318454490592683,3.343816938556846,0.6245395659602719,0.2080955339811635,1.0,0.23001144181988073,0.4972780728306132,"Student t, two-sided 95% for the mean",spectral_filter_equivalent
10,1024,50.0,20,1.0378126289282688,4.102494617418174,0.9173456841874028,-0.8822139542836129,2.9578392121401507,0.15127857581555454,0.041837979927424954,1.0,0.2617115367964958,0.49933518870138727,"Student t, two-sided 95% for the mean",spectral_filter_equivalent
10,1024,100.0,20,0.9621629172381312,4.081987878213979,0.9127602379016588,-0.9482662165974913,2.8725920510737537,0.09929538150826706,0.02861324017276674,1.0,0.2425779252332895,0.4964783904521539,"Student t, two-sided 95% for the mean",spectral_filter_equivalent
10,1024,200.0,20,0.8393857113464177,3.682964513383668,0.8235359010645316,-0.884294739250468,2.5630661619433033,0.05968049749064754,0.02182615277693064,1.0,0.2470507869008356,0.49390912963048095,"Student t, two-sided 95% for the mean",spectral_filter_equivalent
10,1024,500.0,20,0.047135262352356884,0.183927808173233,0.04112750820278904,-0.03894560161395561,0.1332161263186694,0.00849035929452115,0.0027058422475743464,1.0,0.241082943504979,0.49906720776611735,"Student t, two-sided 95% for the mean",spectral_filter_equivalent
10,1024,1000.0,20,0.9499066279303812,0.39979275889743976,0.08939637858068591,0.7627978571840138,1.1370153986767484,1.375149819418498,8.51983027637863,0.0,0.24033032074460312,0.4988774413390331,"Student t, two-sided 95% for the mean",spectral_filter_equivalent
10,1024,10000.0,20,23.107590674958665,27.100004907580914,6.059745316392883,10.424397964160274,35.79078338575705,29.893426591508,84.33137114878807,0.0,0.23060171800183332,0.49090865323978505,"Student t, two-sided 95% for the mean",spectral_filter_equivalent
11,2048,0.1,20,1.7058297876141204,3.960493807591767,0.8855933378242163,-0.14773837087570785,3.5593979461039487,0.999995749643382,0.9999151018051263,1.0,0.044493156377868354,0.0990099009900991,"Student t, two-sided 95% for the mean",spectral_filter_equivalent
11,2048,1.0,20,1.6982984753949122,3.962556601781513,0.8860545926274026,-0.15623510049319633,3.552832051283021,0.9865903648099617,0.780254934906677,1.0,0.2506930521581907,0.4963724520753078,"Student t, two-sided 95% for the mean",spectral_filter_equivalent
11,2048,10.0,20,1.460316196596983,4.0244503500968305,0.899894455488934,-0.4231845451700229,3.343816938363989,0.6245395655130961,0.20809553316546664,1.0,0.23001144181988073,0.4972780728306132,"Student t, two-sided 95% for the mean",spectral_filter_equivalent
11,2048,50.0,20,1.0378126276683284,4.102494617646109,0.9173456842383707,-0.8822139556502304,2.9578392109868874,0.15127857201392714,0.04183800112432058,1.0,0.2617115367964958,0.49933518870138727,"Student t, two-sided 95% for the mean",spectral_filter_equivalent
11,2048,100.0,20,0.9621629048729089,4.081987880486848,0.9127602384098878,-0.9482662300264492,2.872592039772267,0.09929535653283936,0.028613217343886117,1.0,0.2425779252332895,0.4964783904521539,"Student t, two-sided 95% for the mean",spectral_filter_equivalent
11,2048,200.0,20,0.8393857077170678,3.682964509715522,0.8235359002443091,-0.8842947411630725,2.563066156597208,0.059680530318894254,0.02182590265122504,1.0,0.2470507869008356,0.49390912963048095,"Student t, two-sided 95% for the mean",spectral_filter_equivalent
11,2048,500.0,20,0.047132550164811986,0.18392850809007996,0.041127664708953876,-0.03894864137266817,0.13321374170229214,0.008485336019667987,0.00249634246523746,1.0,0.241082943504979,0.49906720776611735,"Student t, two-sided 95% for the mean",spectral_filter_equivalent
11,2048,1000.0,20,0.04182554851903163,0.17338651884160053,0.038770404251186684,-0.039321840177836256,0.12297293721589951,0.00526112828838402,0.0017240347083136594,1.0,0.24033032074460312,0.4988774413390331,"Student t, two-sided 95% for the mean",spectral_filter_equivalent
11,2048,10000.0,20,8.612185589800527,9.088824599305775,2.032322963962,4.35848473990167,12.865886439699384,10.066020493393058,41.171889398020554,0.0,0.23060171800183332,0.49090865323978505,"Student t, two-sided 95% for the mean",spectral_filter_equivalent
12,4096,0.1,20,1.705829787614118,3.9604938075917677,0.8855933378242165,-0.1477383708757105,3.5593979461039464,0.9999957496433755,0.9999151018050147,1.0,0.044493156377868354,0.0990099009900991,"Student t, two-sided 95% for the mean",spectral_filter_equivalent
12,4096,1.0,20,1.6982984753928239,3.962556601782088,0.8860545926275313,-0.156235100495554,3.552832051281202,0.9865903648058371,0.7802549348687592,1.0,0.2506930521581907,0.4963724520753078,"Student t, two-sided 95% for the mean",spectral_filter_equivalent
12,4096,10.0,20,1.4603161965684062,4.024450350106349,0.8998944554910624,-0.4231845452030545,3.3438169383398666,0.6245395654571684,0.20809553306348091,1.0,0.23001144181988073,0.4972780728306132,"Student t, two-sided 95% for the mean",spectral_filter_equivalent
12,4096,50.0,20,1.0378126275113002,4.102494617674477,0.9173456842447141,-0.8822139558205355,2.9578392108431357,0.15127857153973082,0.04183800378591103,1.0,0.2617115367964958,0.49933518870138727,"Student t, two-sided 95% for the mean",spectral_filter_equivalent
12,4096,100.0,20,0.9621629033351657,4.081987880768994,0.9127602384729777,-0.9482662316962409,2.872592038366572,0.09929535343462945,0.02861321465761823,1.0,0.2425779252332895,0.4964783904521539,"Student t, two-sided 95% for the mean",spectral_filter_equivalent
12,4096,200.0,20,0.8393857074334106,3.682964509216506,0.8235359001327258,-0.8842947412131832,2.563066156080004,0.05968053459558046,0.02182588488269779,1.0,0.2470507869008356,0.49390912963048095,"Student t, two-sided 95% for the mean",spectral_filter_equivalent
12,4096,500.0,20,0.04713253860634255,0.183928511645093,0.04112766550387896,-0.038948654594934934,0.13321373180762003,0.008485325293797134,0.0024965859378694956,1.0,0.241082943504979,0.49906720776611735,"Student t, two-sided 95% for the mean",spectral_filter_equivalent
12,4096,1000.0,20,0.041824626944342636,0.1733867479277588,0.03877045547640894,-0.03932286896814763,0.1229721228568329,0.0052591921291282855,0.001649491571615815,1.0,0.24033032074460312,0.4988774413390331,"Student t, two-sided 95% for the mean",spectral_filter_equivalent
12,4096,10000.0,20,5.251006414020184,7.1173945653737425,1.591497807086326,1.9199632212504296,8.582049606789937,5.67954135010449,30.78321123748797,0.0,0.23060171800183332,0.49090865323978505,"Student t, two-sided 95% for the mean",spectral_filter_equivalent
13,8192,0.1,20,1.7058297876141175,3.9604938075917677,0.8855933378242165,-0.14773837087571096,3.559397946103946,0.9999957496433746,0.9999151018050002,1.0,0.044493156377868354,0.0990099009900991,"Student t, two-sided 95% for the mean",spectral_filter_equivalent
13,8192,1.0,20,1.6982984753925638,3.9625566017821616,0.8860545926275477,-0.15623510049584843,3.5528320512809763,0.9865903648053223,0.7802549348640377,1.0,0.2506930521581907,0.4963724520753078,"Student t, two-sided 95% for the mean",spectral_filter_equivalent
13,8192,10.0,20,1.460316196564804,4.024450350107541,0.899894455491329,-0.4231845452072147,3.343816938336823,0.6245395654501461,0.2080955330506991,1.0,0.23001144181988073,0.4972780728306132,"Student t, two-sided 95% for the mean",spectral_filter_equivalent
13,8192,50.0,20,1.0378126274914605,4.102494617678073,0.9173456842455182,-0.8822139558420581,2.957839210824979,0.15127857148025767,0.041838004118470815,1.0,0.2617115367964958,0.49933518870138727,"Student t, two-sided 95% for the mean",spectral_filter_equivalent
13,8192,100.0,20,0.9621629031431169,4.081987880804223,0.9127602384808552,-0.9482662319047774,2.8725920381910113,0.09929535304785954,0.028613214320624213,1.0,0.2425779252332895,0.4964783904521539,"Student t, two-sided 95% for the mean",spectral_filter_equivalent
13,8192,200.0,20,0.8393857074001965,3.6829645091535923,0.8235359001186578,-0.8842947412169528,2.5630661560173458,0.05968053513014267,0.021825882860996904,1.0,0.2470507869008356,0.49390912963048095,"Student t, two-sided 95% for the mean",spectral_filter_equivalent
13,8192,500.0,20,0.04713253735269261,0.1839285120412257,0.041127665592456925,-0.03894865603398068,0.1332137307393659,0.00848532419856306,0.0024966334794834085,1.0,0.241082943504979,0.49906720776611735,"Student t, two-sided 95% for the mean",spectral_filter_equivalent
13,8192,1000.0,20,0.04182461033828421,0.1733867521063763,0.03877045641077623,-0.03932288752985925,0.12297210820642768,0.00525914705483224,0.0016490620143938344,1.0,0.24033032074460312,0.4988774413390331,"Student t, two-sided 95% for the mean",spectral_filter_equivalent
13,8192,10000.0,20,3.302915112864274,7.182568298887391,1.6060710969347234,-0.05863032611004071,6.664460551838589,4.032673381262932,24.118066433169655,0.0,0.23060171800183332,0.49090865323978505,"Student t, two-sided 95% for the mean",spectral_filter_equivalent
