sweep,N,mu,tau,repetitions,no_aliasing,tn_total_median_seconds,tn_total_q1_seconds,tn_total_q3_seconds,tn_unitary_median_seconds,tn_preparation_median_seconds,tn_contraction_median_seconds,filter_eigendecomposition_median_seconds,filter_values_median_seconds,filter_application_median_seconds,filter_total_median_seconds,filter_total_q1_seconds,filter_total_q3_seconds,tn_filter_relative_difference,memory_repetitions,tn_rss_baseline_median_bytes,tn_rss_baseline_q1_bytes,tn_rss_baseline_q3_bytes,tn_peak_rss_median_bytes,tn_peak_rss_q1_bytes,tn_peak_rss_q3_bytes,tn_peak_rss_delta_median_bytes,tn_peak_rss_delta_q1_bytes,tn_peak_rss_delta_q3_bytes
N,16,64,20.0,5,True,0.002459900002577342,0.002428799998597242,0.0027568999939830974,0.000218700006371364,0.0021641000057570636,6.720000237692147e-05,2.780000795610249e-05,4.6900007873773575e-05,2.4999899324029684e-06,8.460000390186906e-05,7.179999374784529e-05,0.0001601999974809587,1.736879420600822e-14,5,204574720.0,204320768.0,204713984.0,211861504.0,211808256.0,211955712.0,7163904.0,7147520.0,7421952.0
N,32,64,20.0,5,True,0.008403399988310412,0.008396899997023866,0.00848079999559559,0.0005727999960072339,0.00771250000980217,0.00012179999612271786,0.00023929998860694468,9.860000864136964e-05,3.9000005926936865e-06,0.00035289999505039304,0.0003423000016482547,0.0003674000035971403,2.4081752565578572e-14,5,204431360.0,204165120.0,204480512.0,213245952.0,212869120.0,213356544.0,8708096.0,8388608.0,9076736.0
N,64,64,20.0,5,True,0.005008099993574433,0.004961800004821271,0.0072220000001834705,0.0006219000060809776,0.004295999999158084,0.0001041999930748716,0.0008055999933276325,0.00013270000636111945,4.0000013541430235e-06,0.0009486000053584576,0.0008384999964619055,0.0010786000057123601,2.4314388441031563e-14,5,204693504.0,204554240.0,204816384.0,215834624.0,215683072.0,216117248.0,11165696.0,11116544.0,11239424.0
N,128,64,20.0,5,True,0.011585100000957027,0.010783999998238869,0.01686449999397155,0.0021933999960310757,0.009983300013118424,0.00021170001127757132,0.00288909999653697,0.00020989999757148325,6.100002792663872e-06,0.003103499999269843,0.0027646999951684847,0.0032667000050423667,7.9612264697836e-14,5,205955072.0,205934592.0,206159872.0,234897408.0,234590208.0,234905600.0,28844032.0,28663808.0,28880896.0
mu,32,16,20.0,5,True,0.0026242999883834273,0.002587499999208376,0.0026877999916905537,0.0005794000026071444,0.001945199997862801,8.739999611862004e-05,0.0002457999944454059,6.849999772384763e-05,3.9000005926936865e-06,0.0003112999984296039,0.0002975000097649172,0.0003473000106168911,2.1529256258462402e-14,5,204419072.0,204152832.0,204439552.0,211546112.0,211533824.0,211574784.0,7135232.0,7057408.0,7544832.0
mu,32,32,20.0,5,True,0.002489699996658601,0.0022910999978194013,0.0037895999994361773,0.000494699997943826,0.0017847999988589436,6.920000305399299e-05,0.0002153999957954511,5.669999518431723e-05,2.9999937396496534e-06,0.0002798999921651557,0.00026870000874623656,0.0002868000010494143,2.201597885407269e-14,5,204394496.0,204345344.0,204857344.0,211415040.0,211398656.0,211980288.0,7073792.0,7053312.0,7086080.0
mu,32,64,20.0,5,True,0.004280699999071658,0.0041373999993084,0.004365799992228858,0.0003652000013971701,0.0037001000018790364,8.830000297166407e-05,0.00026149999757763,9.849999332800508e-05,3.6999990697950125e-06,0.00035260000731796026,0.0003471999953035265,0.0004216999950585887,2.4081752565578572e-14,5,204296192.0,204218368.0,204304384.0,213008384.0,212910080.0,213426176.0,8765440.0,8704000.0,9207808.0
mu,32,128,20.0,5,True,0.00811920000705868,0.007915399997727945,0.008856300002662465,0.00040950000402517617,0.007578799995826557,0.0001221999991685152,0.0002972000074805692,0.00014999999257270247,4.0000013541430235e-06,0.0004566999996313825,0.00045190000673756003,0.0005353999877115712,2.804136515589106e-14,5,204427264.0,204423168.0,204615680.0,215560192.0,215511040.0,215588864.0,11030528.0,10944512.0,11087872.0
mu,32,256,20.0,5,True,0.014493800001218915,0.013179700006730855,0.017807799988077022,0.00048439999227412045,0.013716899993596599,0.0002702000056160614,0.000231999991228804,0.00020560000848490745,3.5999983083456755e-06,0.00043900001037400216,0.0004267999902367592,0.0004984999977750704,3.8418996827822934e-14,5,204468224.0,204255232.0,204591104.0,222593024.0,222310400.0,222789632.0,18337792.0,17719296.0,18501632.0
